Feed Text,Generate Text,GroundTruthText
身子外移开不禁惧意,身子外移开不禁惧意竟似有恃无恐吓了一跳浑身汗毛直竖颤声道田师兄人原幸蒙刘大人明鉴高抬贵手必有厚报只得应悄悄另一名侍仆一道口子能够致命抱著连夜逃出田家出面邀请江湖好手齐心合力也许能想兀自难分胜败再谈一夜拖不动独生爱女这一下慌道兰儿麽上面样子强人害这原难怪可惜刚成大事转眼成空崇祯十七年三月十五月亮正圆银色月光映著银色雪光苗若兰皎洁无暇肌肤一映更是晶莹美艳著丈夫走镖多年见过不少珍异宝物教这件事毁爹爹险险这事毁倒错怪子安袍子底下藏著什竟似下过数年苦功单以苗家剑破去山东大豪商剑鸣八卦刀想见馀知身没能您老办事小婿赴汤蹈火在所不辞点点头衣囊愈取愈心热故老相传闯王进京之后部属大将刘宗敏拷掠明朝宗室大臣所得珍宝堆积如山不久兵败这批珍宝明宫中皇室历年库藏不知下落并世无双冒犯虎威皇上有旨一半弟兄们想见识见识鄙陋不明世事敝帮北宗注重沈稳狠辣得紧正好领教虚走两招田相公引起争执偏巧失一枝长箭常用一柄刀迫屋角连冲数次猛扑上前救援始终未有一瞬离开此人还好放心胡斐抢前去伸指见胡家门垣破败早无人居<eos>,身子外移开不禁惧意少减好奇心忍不住微微睁眼正好胡斐正睁眼四目相交相距不到半尺两人大羞<eos><bos>听屏风外有人说道赛总管当真神机妙算难测不折不扣当真打遍天下无敌手英雄豪杰落入罗网教插翅难非<eos><bos>著蜡烛哈哈大笑放下烛台走屏风之外道张贤弟尽往脸上贴金事成之后总忘不了好处<eos><bos>胡斐苗若兰听两人之言吃一惊人明安排机关加害金面佛苗人凤苗若兰不知江湖事心想爹爹武功无敌加害胡斐知赛总管满州第一高手内功外功俱臻化境凶奸狡诈不知害死忠臣义士当今乾隆皇帝手下第一亲信卫士今日居然亲自率人北京赶到玉笔峰听姓张言语暗中安排巧计苗人凤厉害难逃毒手耳听赛总管走屏风之外心想机不可失轻轻揭起罗帐右掌对准烛火一挥一阵劲风扑过去嗤一声烛火登时熄<eos><bos>听一人说道烛火灭有人陆续走进厢房嚷道快点火掌灯赛总管道暗中说话苗人凤机灵得紧屋外见到火光说不定吞饵鱼儿脱钩逃走好几纷纷附和说道赛总管深谋远虑见事周详不同<eos><bos>听有人轻轻推开屏风厢房中四下里坐满坐在地下坐在桌上更三人床沿坐下<eos><bos>胡斐生怕那三人坐倦一仰躺下来事情闹穿只得轻轻向里床略移苗若兰更加近只觉吹气如兰荡人心魄怕床沿三人相碰毁苗若兰名节怕胡子如戟刺到吹弹得破脸颊当下心中打定主意发觉必当房中一十八人杀乾乾净净宁教性命不能留下一张活口累这位冰清玉洁姑娘<eos><bos>幸喜那三人好端端坐著不再动弹胡斐不知苗若兰点中穴道但觉竟里床闪避不由得惶恐欢喜一个似半空中腾云驾雾<eos><bos>听赛总管道请杜庄主大夥儿引见引见听一个嗓音低沈说道承蒙光降兄弟至感荣幸这位御前侍卫总管赛总管赛大人赛大人威震江湖久仰说话之人自是玉笔庄庄主杜希孟众人轰言说仰慕言<eos><bos>胡斐倾听杜希孟各人报名引见越听惊讶原来赛总管等七人御前侍卫之外馀个个江湖成名一流高手青藏派玄冥子昆仑山灵清居士河南无极门蒋老拳师一派掌门名宿甚麽帮会总舵主甚麽镖局总镖头没一个大有来头七名侍卫全是武林中早享盛名硬手<eos><bos>苗若兰心中思潮起伏暗想穿一点点衣服睡怀中此人我家恩怨纠葛不知今日初次相会只觉相貌粗鲁却是文武双全奇男子那知竟敢无礼虽觉胡斐实大大不该不知心中殊恼怒怨怪之意不由自主微微欢喜外面十馀人大声谈论竟一句没听耳里<eos><bos>胡斐十岁阅历知道眼前事干系不小又惊又喜六神无主於帐外各人说话句句听得十分仔细听杜希孟一个个引见屈指数著数到第十六个时杜希孟便住口不再说胡斐心道帐外共有一十八杜希孟外十七馀一个不知心中疑窦帐外几个细心留意到有人问道一位杜希孟答话<eos><bos>隔半晌赛总管道说这位兴汉丐帮范帮主<eos><bos>
不久飞天狐狸儿子夺去,不久飞天狐狸儿子夺去剧痛难当纵高窜低竭力闪避脖子一仰忽道苗兄这招闭门铁扇养五天之中陡削得知他进藏宝之身后宝树见特异处大致已作改正书中人物本来名震天武林同道所共弃每次争斗下来洪亮清朗说话无礼不便发作曹云奇最是鲁莽抢先鲜血脸色微变涵养功夫独到感不安拖不动独生爱女怒火上冲左掌一扬右拳呼一声冲拳直出猛往心口扎去一指胡斐放脱危难这位京毕生功力运到掌上这是硬碰硬比拼半点取巧两人气凝丹田四目互视竟是僵住再也把持不定背后一指胡斐放脱下来盛怒之下飞一脚踢入河中一臂虽断一臂斩身受重伤竟然神勇不禁惊呆马蹄声但守半夜没有声息想一窝蜂涌出大厅上百甚精致笔杆上刻振处剑刃早已所害投在沧州河中此人容貌相似偶然巧合行事当真神出鬼没纷纷奔到崖向下张望只见鸽脚缚著放慢雪地染得殷红一片死寂得知他进藏宝之我本答应拒一边厢冷眼旁观<eos>,不久飞天狐狸儿子夺去<eos><bos>百年辗转争夺终於军刀由天龙门田氏掌管藏宝之图苗家家传苗田两家不知一个秘密没发掘宝藏秘密胡家世代相传姓胡没军刀地图无法找到宝藏<eos><bos>胡大爷这事告知金面佛请掘出宝藏救济天下穷人这笔财宝大举起事驱逐满人出关我汉家河山<eos><bos>胡大爷所说三件事没一件关系极大金面佛得知之后仍来找比武非拼个你死我活不可胡大爷临死不解金面佛枉称大侠是非曲直辨明白三件事耸人听闻太过不合情理金面佛一件相信未可知说不禁长长叹一口气<eos><bos>陶百岁一直旁倾听默不作声忽然插口道金面佛仍要找胡一刀比武原因明白此事暂且不说问山峰上来干什麽众人心中欲问之事<eos><bos>听平阿四凛然道胡大爷报仇陶百岁道报仇找报仇平阿四冷笑一声道找害死胡大爷<eos><bos>苗若兰脸色苍白低声道找爹爹平阿四道害死胡大爷金面佛从前叫做跌打医生阎基现下出家做和尚叫做宝树众人大为奇怪均想胡一刀怎会宝树害死<eos><bos>宝树长身站哈哈大笑道本事杀快动手平阿四道早已动手今天算管教你活七日七夜<eos><bos>众人一惊均想不知暗中毒手宝树不禁暗暗心惊嘴上硬骂道这点臭本事算计於平阿四厉声道山峰男女老幼个个活七日七晚众人一惊愕然离座瞪目欠身各人自上雪峰之后一直心神不安平阿四此言虽似荒诞不经听无不之耸然动容<eos><bos>宝树厉声道茶水点心中毒药麽平阿四冷然道中毒死得太快岂能便宜我要慢慢饿死曹云奇陶百岁郑三娘一齐道饿死<eos><bos>平阿四不动声色道不错这峰十日之粮现下一日没有倒下山峰<eos><bos>众人惊叫声中宝树突施擒拿手抓住左臂平阿四右臂早断毫不抗拒微微冷笑曹云奇周云阳伸臂握拳站身前微有动武之意立即发拳殴击<eos><bos>于管家急奔入内片刻回到大厅脸色苍白颤声道庄子里粮食牛肉羊肉鸡鸭蔬菜一股脑儿这斯倒下山峰<eos><bos>听砰一响曹云奇一拳平阿四胸口一拳劲力好大平阿四一声吐出一口鲜血脸上微微冷笑竟半点惧色<eos><bos>宝树道粮仓厨房里没人麽于管家道三个干粗活教这斯绑先前两个小鬼厅闹事大夥儿观看雪山飞狐调虎离山之计苗姑娘只道这斯带来吓人苗若兰摇头道庄上管家宝树道吃东西一点没留下麽于管家惨然摇头<eos><bos>曹云奇举起拳头一拳苗若兰道且慢曹大爷忘说曹云奇愕然不解拳头举在半空落下苗若兰道抱著爹爹名号说不许伤曹云奇道大夥儿性命送手里麽<eos><bos>苗若兰摇头道死活回事说总得算数这人峰粮食抛下去饿死活不成一个拼著性命不要做一件事总有重大之极原因宝树大爷曹大爷生死有命著急没用听说说到底是否当真该死这番话说心平气和不知一股极大力量竟说宝树放开平阿四
交好一年结伴关外当时,交好一年结伴关外当时亲见嫌聒噪连连摇手说生平最不爱谢他三人推拥争先而入抢著扶只见白发萧索年纪老缺一块红宝石外平平无奇一把旧刀鞘身刻著两行字道恭贺田老前辈闭门封剑福寿全门下侍教晚生胡斐谨拜两行字笔力遒迳左右双僮送十两这一下慌到底异宝光照珍物雨点般往宝树身上飞去一块红宝石外一道蓝焰冲天掌苏秦背剑一招破蒲扇手掌刚举空中嗤声响划过长空穿入一头飞雁颈中一抹咽喉流血接不好意思缩回停空中慢慢垂之下得悉摔得满地我忙揭开棉被之上脸色微变涵养功夫独到十分好听柔声道胡说八道污了师父名头那敢丝毫怠忽树枝一摆向上横格这一格刚中带柔却是名家手法锁回去听苗姑娘所说事句句听耳里祸根可留举起单刀头顶砍落<eos>,交好一年结伴关外当时不知何事见二人兴高采烈欢欢喜喜不见归来武林中朋友后来传言说道两位辽东大豪胡一刀所害金面佛田师兄大举胡一刀寻仇知道苗苗这姓苗财迷心窍见到洞中珍宝竟向恩师毒手说著尸身腿踢一脚苗田二人死后全身冻得僵硬阮士中一脚踢尸身挺立不倒足尖碰得隐隐生疼<eos><bos>众人心想师父财迷心窍先下毒手<eos><bos>阮士中伸手推姓苗尸身想推离师父苗田二人纠缠著达数十年手连刀刀连身坚冰凝结推得开<eos><bos>陶百岁叹口气道当年胡一刀托人苗大侠和田归农说道知道苗田两家上代死因两人死太不够体面不便当面述说只好领亲自现亲眼目睹这话不错如此说来胡一刀必曾经来过见宝藏掘取实不知何故<eos><bos>田青文忽道今日遇上一事奇怪阮士中道甚麽田青文道今日早晨追赶说著嘴唇陶子安一努脸上微现红晕续道师叔你前头落在后面曹云奇忍耐不住喝道骑马最好麽落在后面不肯这姓陶动手田青文瞧瞧幽幽道你害一世折麽只好陶子安丈夫不起不能再要之外心里决不能<eos><bos>陶子安大声道青妹陶百岁曹云奇齐声怒喝一个道贱人不要作儿媳妇一个道本事先杀两人高声大叫洞中回音混在一起竟听不出二人说些甚麽<eos><bos>田青文眼见地下叫声停歇轻轻道麽脸出洞之后永远再见陶子安急道青妹不好欺侮折磨拼提起单刀直奔曹云奇<eos><bos>刘元鹤挡身前道争风吃醋外面左掌虚扬右手一伸扣住手腕轻轻一扭夺下手中单刀抛地下一边曹云奇暴跳不已殷吉拦著馀见田青文以退为进将陶曹二人耍服服贴贴心中暗暗好笑<eos><bos>宝树道田姑娘爱嫁嫁总不能嫁和尚老和尚问今日早晨遇见甚麽怪事<eos><bos>众人哈哈大笑田青文噗哧一笑道马儿走得慢赶不上师叔正行之间忽听马蹄声响乘马后面驰来马上乘客手里著一个葫芦仰脖子著葫芦嘴喝酒我见满脸络腮胡子马上醉得摇摇幌幌咕噜咕噜喝不禁笑一声转过头来问道田归农女儿是不是我道尊驾说道手指一弹黄金小笔弹过来脸旁擦打落耳环吃一惊纵马走我心一直嘀咕不知甚麽这枝小笔<eos><bos>宝树问道认得此人麽田青文点点头轻声道雪山飞狐胡斐小笔之时自然认得后来上得山来苗家妹子说话认出声音板壁缝中一张曹云奇醋心问道这小笔师祖爷胡斐得来干麽<eos><bos>田青文说话温言软语听曹云奇说话立时不愉之色全不理睬<eos><bos>刘元鹤道胡一刀定地下拾田安豹身上得到此笔死时胡斐生几天怎能笔留传给熊元献道说不定小笔留在家中后来胡斐年长回到故居自然父亲遗物中寻著阮士中点头道未始不可这小笔中空笔头旋下青文瞧瞧笔里何物事<eos><bos>田青文先洞穴中拾笔旋下笔头笔内空无一物湖斐掷小笔笔头旋下只见笔管内藏著一个小小纸卷众人
不同昆明不久一座破庙,不同昆明不久一座破庙欺侮爱女他气几欲晕就此下峰他知附近有个山洞人迹罕至当下展开轻身功夫直奔手中虽抱这姓苗姓田伯父手挥几挥神色极为疲倦一生受人呼来喝去听说店里生产弄脏屋子自然老大愿意赔珠无珠可赔脸上得来路上马蹄声响射箭走偏锋刺出天下无双武林绝艺苗家剑法绝不再传授子弟大都学过三拳两脚老衲做见证找偿命说夜深陪自去生怕甚不测叫醒爹爹背后一人吟道欲取鸣琴弹恨知音赏声音甚怪异一时察竟然同舟共济相互扶持起来敢当眼见那珠钗微微颤动轻声道难道暗算害人几番相见始终未有一瞬离开山洞人迹罕至算无能今日犹在目前再也忍耐不住挂念随即跃起伸手握住他手早捏断数十颗铁珠忽然上下左右分打胡苗二人要害苦练十馀年绝技恃保身救命临敌之时未用过陡逢大敌事势紧迫立施杀手击毙害死师祖爷所用仇怨江湖人言籍籍祖父和田归农父亲从小苗爷大闹不久兵败这批珍宝明宫中皇室历年库藏不知下落瞪一眼走出门去<eos>,不同昆明不久一座破庙之中找到三人动起手来儿子武功得到父亲真传那三人对手斗不到半个时辰三人一一打倒<eos><bos>儿子道三位叔叔爹爹忍耻负辱甘愿负一个卖主求荣恶名懂得深意瞧著爹爹结义一场今日饶性命快快回家料理后事明年三月十五爹爹死忌当来登门拜访说这番话夺那大英雄军刀扬长而去<eos><bos>隆冬那三人当即北上三家家属聚在一起详详细细当日舟中喋血之事说道害死英雄保护汉奸做异族人手下大官什麽深意儿子强辞狡辩说出话没人能信江湖朋友得到讯息纷纷赶来仗义相助<eos><bos>三月十五那天晚上儿子孤身赶到<eos><bos>众人眼望苗若兰继续述说见小丫头琴儿走过来手里捧一个套著锦缎套子白铜火炉放在怀里<eos><bos>苗若兰低声道去点一盘香琴儿答应不一会捧一个白玉香炉放在身旁几上只见一缕青烟香炉顶上雕著凤凰嘴中袅袅吐出众人随即闻到淡淡幽香似兰非兰似麝非麝闻著甚舒泰<eos><bos>苗若兰道独自个房点这素馨人多麽点琴儿笑道当真糊涂捧起香炉换一盘香苗若兰道风从北来北边没窗山顶风大总风儿漏进来瞧香炉放对麽琴儿一笑几端西北角放下小姐泡一碗茶这才走开<eos><bos>众人想金面佛苗人凤身为一代大侠女儿骄纵成模样只见慢慢盖碗揭开盖子瞧瞧碗中茶叶玫瑰花轻轻啜一口缓缓放下众人只道要说故事知道却说头痛进去休息一会伯伯叔叔请宽坐说著站起身入内<eos><bos>众人相顾哑然曹云奇第一个忍耐不住正要发作田青文使个眼色曹云奇话口边咽下去苗若兰进去不久随即只见换一件淡绿皮袄一条鹅黄色百摺裙脸上洗去初上山时脂粉更显得淡雅宜人风致天然原来当真头痛却是换衣洗脸琴儿跟随一个银狐垫子放在椅上苗若兰慢慢坐下这才启朱唇发皓齿缓缓说道这天晚上郎中公公家里大开筵席请一百多位江湖成名英雄豪杰静候那义兄儿子到来初更时分听托声响筵席前一人厅好手甚没一个瞧清楚麽进来只见约莫二十岁年纪身穿粗布麻衣头戴白帽手里著哭丧棒背上斜插单刀不理迳郎中叫化脚夫三位公公说道三位叔父请借个僻静处说话<eos><bos>三位公公尚未答话峨嵋派一位前辈英雄道男子汉大丈夫有话要说便说何须鬼鬼祟祟你父卖主求荣瞧非善类定是欲施奸计三位大哥莫上这小贼听拍拍拍拍拍拍六声响脸上吃六记耳光一声口吐鲜血数十枚牙齿撒地下<eos><bos>席上群豪一齐站惊愕之下大厅中百馀竟尔悄无声息均想此人身法怎地快法峨嵋派名宿受此重创话说不出口儿子纵上前去打人时群豪并未看清退回原处时幌回一瞬之间倏忽竟似并未移动身子三位公公父亲数十年同食共宿知道家传飞天神行轻功绝技青出
回一刀陶子安道郑三娘,回一刀陶子安道郑三娘害死师祖爷所用问何故何计只得咬紧牙关使出春蚕掌法密密护住全身各处要害苦练十馀年绝技恃保身救命临敌之时未用过陡逢大敌事势紧迫立施杀手击毙害死师祖爷所用仇怨江湖人言籍籍祖父和田归农父亲从小苗爷大闹不久兵败这批珍宝明宫中皇室历年库藏不知下落瞪一眼走出门去<eos>,回一刀陶子安道郑三娘并肩子上先杀蛮汉<eos><bos>一语甫毕一招抽梁换柱左手虚托刀锋横里曹云奇反劈过去曹云奇以一敌二丝毫惧有意心上人之前卖弄本事剑走偏锋连连进招陶子安赞道剑法身形一矮一招上步撩阴跨下挥郑三娘心想定然竖剑相架盘势必空虚当即双刀曹云奇肩头砍落陶子安一刀挥到中途突然转为退步斩马刀手腕一翻一刀砍郑三娘腿喝道躺<eos><bos>一招毒辣异常郑三娘再强数倍高手难以防备教闪避腿剧痛便跌陶子安抢上一步举刀颈中砍呼一声曹云奇长剑递出单刀架开道不要脸陶子安笑道兵不厌诈有心助<eos><bos>曹云奇正要喝骂刘元鹤殷吉陶百岁阮士中先后赶到原来挂念著铁盒眼见田青文抱著盒子奔开不愿无谓恋战一待敌人攻势略缓抽空追陶子安道爹天龙门朋友你别阮师叔动手<eos><bos>陶百岁尚未答话曹云奇高声道害死恩师朋友刷刷刷疾刺三剑陶子安挡开两剑第三剑险险避开去身子左急闪剑刃右颊贴面差得两寸便是穿头破脑之祸脸血色忽听田青文叫声小心一枚暗器身旁飞过去紧接著风声微响臀吃一刀<eos><bos>原来郑三娘受伤倒地不起心中恨悔饮马川杀夫大仇这小贼素来诡计多端怎能信加提防忽见陶子安避剑后退偷袭良机当即奋身跃起挥刀头顶砍田青文眼明手快忽发一锥抢先钉中右肩幸得这一锥救陶子安性命郑三娘那刀砍低中臀<eos><bos>郑三娘身中毒锥跌陶子安骂声贱人单刀脱手对准胸口猛掷下去这一掷势劲力疾相距近眼见得一刀钉地下突然空中嗤一声急响一枚暗器远处飞来正好刀一声单刀汤开斜斜插入郑三娘身旁雪地之中<eos><bos>刘元鹤阮士中均正注目铁盒亟欲劫夺旨在守护忽听暗器破空声响怪异一惊见暗器远飞落点既准劲力重竟单刀一旁各人一惊之下齐向暗器来路望去只见一个花白胡子老僧右手著一串念珠念道善哉善哉快步走来俯身拾起物串念珠绳上原来适才发暗器一粒念珠<eos><bos>这串念珠看来份量轻黑黝黝似铁铸和尚数丈外弹小小一粒念珠竟能撞开一把八九斤重钢刀指力实是非同小可众人惊愕之下眼睁睁著<eos><bos>见一对三角眼塌鼻歪嘴一双白眉斜斜下垂容貌极是诡异双眼布满红丝单看相貌倒似市井老光棍想得到武功竟是高强<eos><bos>僧人伸手扶郑三娘拔下肩头毒锥只见伤口中喷出黑血郑三娘大声呻吟僧人怀中取出一粒红色药丸塞口里众人逐个望去自言自语说道药丸暂时止痛毒龙锥天龙门独门暗器和尚可救眼光停阮士中脸上说道这位施主天龙门高手不看僧面看佛面敢请慈悲说著合十行礼<eos><bos>阮士中郑三娘相识原仇怨眼见僧人本领允拿出解药今日决讨不了个久历江湖当硬硬当软软
门外<eos><bos>田大哥低沈,门外<eos><bos>田大哥低沈领进一座大松林林中松树数百年老树枝柯交横树顶上压数尺厚颈一割夫妻俩并排坐在一条长凳夫人拉著粗索慢慢放下猛虽急闪避开一炮故意拖延推诿雪山飞狐手笔算无能今日犹在目前田青文眼圈儿一红垂下头不理用力挣脱曹云奇收脚不住疾冲出直没至羽受伤自不轻前来相害弯弓搭箭对准窗口此人必发觉屋塔面大书奉天倡义四字八卦门商乘马相距不远算是丢足脸金纸呼吸低微适才一时之间喜悦转为担忧问道可知追三日三夜专等怕混进歹人特地防著点儿田他用忽道慢慢一个个收拾猛地一个头锤撞过去全身内劲聚额头一锤正好领教背后正面对战自然绝口不提之上只击木屑纷飞船舷缺一块苦笑胸中热血上涌各取兵刃碰开去殷吉护住门户退一旁射入熊元献左肩直没至羽受伤自不轻<eos>,门外<eos><bos>田大哥低沈著声音道胡斐你终於门外那人道田归农认得声音麽田大哥脸色更是苍白颤声道苗苗大侠门外那人道不错田大哥道苗大侠干什麽门外那人道送东西田归农迟疑片刻放下弓箭开了门只见一个高瘦脸色蜡黄汉子走进来<eos><bos>床底留神瞧模样心道此人号称打遍天下无敌手当今武林中顶儿尖儿脚色不怒自威气势慑只见手里捧著两件物事放在桌上说道宝刀外孙儿子原来一包长长的东西竟是一个死婴<eos><bos>田大哥身子一颤倒椅中苗大侠道徒弟瞒著埋刀女儿埋著埋私生瞧见现下掘田大哥道谢谢家门不幸言有愧苗大侠突然眼框一红似要流泪随即满脸杀气一个字一个字说道麽死<eos><bos>听当啷一响苗若兰手里茶碗摔地下跌得粉碎举止本来十分斯文镇定不知听这句话竟自把持不定琴儿忙取出手帕抹身上茶水轻声道小姐进去歇歇听苗若兰道我要听说完<eos><bos>刘元鹤一眼接著说道田大哥道那天受凉伤风咳嗽请医生诊治医生说碍事受小小风寒吃一帖药发汗退烧就行了说药太苦煎药泼不肯吃饭病势越来越沉一连请好几个医生不肯服药不吃东西说什麽劝听<eos><bos>苗若兰听到不由得轻轻啜泣熊元献感十分奇怪不知不肯服药吃饭之人田归农及苗氏父女三人什麽关连陶氏父子天龙诸人知说田归农续弦夫人苗大侠关心此事苗若兰伤心不明想难道田夫人苗家亲戚麽从来没听说过<eos><bos>刘元鹤道当时床听摸不著半点头脑不知说心想苗人凤麽风头火势赶来只不过问一个病那人服药吃饭撒娇麽听苗大侠问麽不想活田大哥道后来跪地下哀求说声嘶力竭始终不理<eos><bos>苗大侠道留下什麽话田大哥道死尸体火化骨灰撒大路之上叫千人踩万人踏苗大侠跳起来厉声道你照做没有田大哥道尸体火化骨灰说著站起身从里床取出一个小小瓷坛放在桌上<eos><bos>苗大侠望著瓷坛脸上神色伤心愤怒一眼不敢再望脸<eos><bos>田大哥怀里取出一枚凤头珠钗放在桌上说道这珠钗还给交给苗姑娘说苗家物事<eos><bos>众人听到齐向苗若兰望去只见鬓边插一枚凤头珠钗微微幌动凤头精致无比几颗珠子滚圆净滑珠身已现微黄似历时已久古物<eos><bos>刘元鹤续道苗大侠起珠钗头上拔一根头发缓缓穿凤头口里头发竟从钗尖透原来钗身中间空见头发两端轻轻一拉凤头一边跳开来苗大侠侧过珠钗凤头里落出一个纸团纸团摊开来冷冷的道瞧见麽田大哥脸如土色隔半晌叹口长气<eos><bos>苗大侠道千方百计弄这张地图到手终於瞧穿真面目不肯机密告知珠钗归还苗家宝藏地图这珠钗之中做梦难以想到罢说几句话纸团还入凤头头发拉
卫士出个主意这位英雄,卫士出个主意这位英雄父仇不能不报圣恩良机岂能束手待毙当下大喝一声低头腰间用力咬了一口咬奇养难当不敢伸手搔养只好耸动背脊想蚤子赶开越耸越养难过苦心焦虑千方百计寻宝关键置之中这坑大半白雪淹没激斗之际未加留神倾听动静说不定暗施偷袭岂天下英雄耻笑这条小命早已爬下炕觉得脑子昏昏沈沈镜子一照半边闪避而树刀砍在外档更是没好气敲门声越来越响一共二三十匹马很快奔近来店门口止住著一小盆兰花放下猛听背后一人吟道欲取鸣琴弹恨知音赏声音甚怪异一时察竟然同舟共济相互扶持起来敢当眼见那珠钗微微颤动轻声道难道暗算害人几番相见始终未有一瞬离开山洞人迹罕至算无能今日犹在目前再也忍耐不住挂念随即跃起伸手握住他手早捏断数十颗铁珠忽然上下左右分打胡苗二人要害苦练十馀年绝技恃保身救命临敌之时未用过陡逢大敌事势紧迫立施杀手击毙害死师祖爷所用仇怨江湖人言籍籍祖父和田归农父亲从小苗爷大闹不久兵败这批珍宝明宫中皇室历年库藏不知下落瞪一眼走出门去<eos>,卫士出个主意这位英雄报仇<eos><bos>这时候异族人做皇帝到处捉拿那位英雄朋友三个卫士没法安身只得乔装改扮一个扮成卖药江湖郎中一个扮成叫化子一个力气最大扮成脚夫第四个卫士结义兄弟数十年同甘共苦真比亲兄弟时时刻刻想念找七八年竟没半点音讯想来他定保护那位英雄战死三个十分伤心<eos><bos>众人听说话语气声调似小孩子讲故事料学著当年父亲口吻均想素闻金面佛外号中佛字却是嫉恶如仇出手狠辣女儿却是温柔慈爱听道几年决定不再寻访位义兄三人商量说害死英雄汉奸现在封王云南享福决意刺死英雄和义兄报仇於三个动身云南<eos><bos>刘元鹤熊元献师兄弟对望一眼心知所说汉奸爵封平西亲王吴三桂<eos><bos>苗若兰道三人昆明汉奸居所探访明白三月初五那天晚上三人带兵刃暗器越墙进去那大汉奸防备十分周密三个人刚进去卫士发觉那三人武艺高强动手二十多个卫士死伤阻挡不住冲进卧室眼见那大汉奸逃走不了那知旁边突然闪出一人挡汉奸面前三人一看不禁大吃一惊原来寻访多年义兄武功高保护著大汉奸不许三人杀三个惊怒动起手来不久外面涌进数十名卫士三人寡不敌众只得逃走脚夫公公失手擒<eos><bos>汉奸亲自审问脚夫公公破口大骂骂汉人江山送给鞑子汉奸打折双腿关在牢里义兄大概想想不好意思偷偷牢中放出去脚夫公公郎中公公化子公公会面三个抱头痛哭真想不到结义兄长居然会变节投敌三人暗中打听竟查出一件更痛恨万分事来原来当日三人九宫山冲出去求救那义兄几天不见援兵竟亲手英雄害死敌人投降满清皇帝封一个大官眼下那大汉奸手下做到提督<eos><bos>众人听到脸上一齐变色听说闯王九宫山所害说老百姓杀说官军杀不知凶手竟是心腹卫士<eos><bos>苗若兰叹一口气说道三个访查确实决意算帐三人本难以胜现脚夫公公受了伤更加敌手正在踌躇忽然那义兄派送来一封信约三人三月十五晚间滇池饮酒<eos><bos>三人知必有诡计想三人住处动静知道清清楚楚大权在握避避不了事已至此龙潭虎穴只好闯那日三人身上暗带兵刃滇池赴约只见早等候孤身一人没带亲随卫兵穿一身粗布青衣当年四人同军中时穿四人酒店里买熟肉烧鸡馒头十几斤白酒上船滇池中赏月饮食<eos><bos>四人一面喝酒一面说些从前军中豪事胜概那三人见绝口不提那位英雄名字忍著说见大碗大碗喝酒眼见月中天仰天道三位兄弟久别重逢今日欢喜<eos><bos>一句豪气奔放一个温柔文雅少女口中说未免显得不伦不类众人故事中外弛内张情势所慑皆未在意<eos><bos>听道那位扮成郎中公公再也忍耐不住冷笑道你作大官身享荣华富贵自然欢喜不知元帅爷现心中那位英雄后来做皇帝四个卫士一直作元帅爷<eos><bos>那义兄叹口气道元帅定然寂寞得紧大事
胡苗范田<eos><bos>殷吉,胡苗范田<eos><bos>殷吉低声商量慢慢一个个收拾周云阳忽道自然很为奸计胡某何惧得紧些微劳何足挂齿雪挖土坑等候数日四人守坑出手狠辣不禁微感诧异朗声说道放人走路不必拦阻两句话大是惊疑忙撕开左胸衣襟裹伤忽然间当啷一响那剑直飞出去插土中一枝长箭常用羽箭副果敢干练模样今日犹在目前田青文眼圈儿一红垂下头阿四轻贱小兄弟一定喜欢得紧些微劳何足挂齿惊心动魄恶斗一生孤苦伶仃没爹没娘尽是拜几拜拾起铁杖如风般抢先著无不一一输手里近十年销声匿迹武林中不再听到讯息有人传言西域病死无人亲见将信将疑忽听走廊马蹄声响几十个赶来世兄齐声劝解抽出佩剑得知这四人密室伸手搔养只好耸动背脊想蚤子赶开越耸越养难过老和尚砍成几段夺忌惮武功真高不论是一门一派好手无不一一输手里近十年销声匿迹武林中不再听到讯息有人传言西域病死无人亲见将信将疑忽听走廊马蹄声响几十个赶来世兄齐声劝解抽出佩剑得知这四人密室伸手搔养只好耸动背脊想蚤子赶开越耸越养难过老和尚砍成几段夺忌惮武功真高不论是一门一派好手无不一一输手里近十年销声匿迹武林中不再听到讯息有人传言西域病死无人亲见将信将疑忽听走廊马蹄声响几十个赶来世兄齐声劝解抽出佩剑得知这四人密室伸手搔养只好耸动背脊想蚤子赶开越耸越养难过老和尚砍成几段夺忌惮武功真高不论是一门一派好手无不一一输手里近十年销声匿迹武林中不再听到讯息有人传言西域病死无人亲见将信将疑忽听走廊马蹄声响几十个赶来世兄齐声劝解抽出佩剑得知这四人密室伸手搔养只好耸动背脊想蚤子赶开越耸越养难过老和尚砍成几段夺忌惮武功真高不论是一门一派好手无不一一输手里近十年销声匿迹武林中不再听到讯息有人传言西域病死无人亲见将信将疑忽听走廊马蹄声响几十个赶来世兄齐声劝解抽出佩剑得知这四人密室伸手搔养只好耸动背脊想蚤子赶开越耸越养难过老和尚砍成几段夺忌惮武功真高不论是一门一派好手无不一一输手里近十年销声匿迹武林中不再听到讯息有人传言西域病死无人亲见将信将疑忽听走廊马蹄声响几十个赶来世兄齐声劝解抽出佩剑得知这四人密室伸手搔养只好耸动背脊想蚤子赶开越耸越养难过老和尚砍成几段夺忌惮武功真高不论是一门一派好手无不一一输手里近十年销声匿迹武林中不再听到讯息有人传言西域病死无人亲见将信将疑忽听走廊马蹄声响几十个赶来世兄齐声劝解抽出佩剑得知这四人密室伸手搔养只好耸动背脊想蚤子赶开越耸越养难过老和尚砍成几段夺忌惮武功真高不论是一门一派好手无不一一输手里近十年销声匿迹武林中不再听到讯息有人传言西域病死无人亲见将信将疑忽听走廊马蹄声响几十个赶来世兄齐声劝解抽出佩剑得知这四人,胡苗范田<eos><bos>殷吉田青文听到胡苗范田四字已知这四名卫士必今日之事重大关连田青文斜眼苗若兰一眼只见著一根拨火棒轻轻拨著炉中炭火兀自出神白玉脸颊火光一映微现红晕<eos><bos>宝树抬头望著屋顶说道四大卫士著闯王出生入死不知经历艰险不知救过闯王次性命闯王自将待作心腹这四人之中姓胡武功最强能干闯王军中称飞天狐狸众人听到一声<eos><bos>宝树继续说故事闯王被围九宫山危急万分眼见派出求援使者一到山脚敌军截住杀死只得派姓苗姓范姓田三名卫士黑夜里冲出去求救姓胡留下保护闯王苗范田三名卫士领得援军前来救驾闯王被害身死<eos><bos>三名卫士大哭一场那姓范当场自刎殉主两名卫士说道当先报血海深仇三人九宫山四下里打听闯王殉难详情那姓胡卫士似乎尚人间三人心想此人武艺盖世足智多谋若得主持闯王大仇可报当下分头探访下落<eos><bos>武林中故老相传只因这番找寻生出一场轩然大波苗范田三人日后当时情景详详细细说儿子知道立下家规一代须这番话传给后嗣好教苗范田三家子孙世世代代忘此事<eos><bos>宝数说眼望苗若兰说道老和尚外人知道大略苗姑娘若肯说说定然详细众人心中均想原来苗人凤父女便是这姓苗卫士后代<eos><bos>苗若兰眼望火盆说道七岁一年一晚见爹爹磨洗长剑说怕刀剑爹爹收起玩爹说柄剑杀一个收起永远不用搂住头颈求不要杀人说一个故事<eos><bos>说许多许多年以前老百姓穷没饭吃没衣穿好吃树皮草根树皮草根吃完好吃泥巴很多饿死做妈妈没饭吃生不出奶小孩子妈妈怀里饿死官府老百姓徵粮财主穷人迫租催债老百姓拿不出官府杀财主捉关起来爹爹教唱一个歌儿说一位文武双全公子作不要我念<eos><bos>众人齐声道请姑娘念宝树听说文武双全公子七字知道必李自成手下大将李岩听念道<eos><bos>年蝗旱苦频仍嚼啮禾苗岁登米价升腾增数倍黎民处处聊生草根木叶权充腹儿女呱呱相向哭釜甑尘飞爨绝烟数日难求一餐粥官府徵粮纵虎差豪家索债如狼豺可怜残喘存呼吸魂魄先归泉壤埋骷髅遍地积如山业重难过饥饿关能不教人数行泪泪洒成点血般<eos><bos>正当乾隆中叶虽称太平盛世每年水灾旱灾老百姓日子不好过众人听一字一句念得字正腔圆声音中充满凄楚之情想起江湖所见所闻不禁耸然动容<eos><bos>苗若兰道爹爹说后来老百姓实在再也捱下去终於一位英雄领著北京可惜这位英雄做皇帝之后处事不当没有善待百姓手下众将军去害百姓抢百姓东西於老百姓不服英雄老百姓心著那位做歌儿公子便那公子杀这样一来手下乱起来这位英雄没多久奸人害死说长长叹口气一会道手下三名卫士找寻一个
颜色看看小子狂妄一世,颜色看看小子狂妄一世下山反倒有人奏不意今日温雅面貌凶恶一张黑漆脸皮满腮浓髯头发不结辫子蓬蓬松松堆头上一见知害死师祖爷所用仇怨更加说不上合力害停片刻延挨二十年苦楚不可抑下来洪亮清朗苗人凤说话岔开去於强行忍住口边一饮而尽喝道想赖明明见敌剑高刺左手倏地挥出疾向俯身跌倒珠宝摔得满地我忙揭开褥子往床底下撒一大泡尿将众卫士淋一个醍醐灌顶心中刚有此念立即跃开随即疑云大起回头双掌横胸摆迎敌架式见吟诗架上那头白鹦鹉好气好笑命人放吊篮接不好意思缩回停空中慢慢垂副文雅秀气样儿不会袖手旁观只不过未免削脸面斜身侧闪闪相避听提及似隐隐犬吠之声接著近处一只狗吠起来突然之间这狗儿悲吠此刻立在山峰之下右脚飞一脚踢入河中一臂虽断一臂斩臂筋脉四刀下去减轻成紫色竟是李岩为免自由份当下抢先回到房中灯光熄窗子以防有人窗外偷听怎地陶百怔奇道当真人间仙境此夕何夕何夕作声哥哥小嘴扁似乎哭出声<eos>,颜色看看小子狂妄一世当下手腕一沉腰间运劲右肩突然撞过去一撞力道奇大范帮主并未提防蓬一声身子直飞出去竟厢房板壁撞穿一个窟窿破壁而出赛总管哈哈大笑举刀苗人凤右臂斩<eos><bos>胡斐帐听明白心想苗人凤虽是杀父仇人当世大侠岂能命丧鼠辈之手一声大喝从罗帐跃出飞出一掌一名侍卫拍得撞赛总管奇变陡起赛总管猝不及防抛手中单刀侍卫接住<eos><bos>胡斐乘赛总管麽一缓双手抓住两名侍卫头对头碰两人头骨破裂立时毙命胡斐左掌右拳二人混乱之中众人不知敌人但见胡斐出手神威迫人不禁先自胆怯<eos><bos>胡斐一拳一名侍卫头上他击晕过去左手一掌挥出倏觉敌人黏推手掌登时滑下来心中一惊定眼看时只见对手银髯过腹满脸红光虽不识此人一招混沌初开守中攻内家名手非无极门蒋老拳师莫属<eos><bos>胡斐眼见敌手众多中不乏高手当下心生一计飞起一腿猛地往灵清居士胸口踢灵清居士练外家功夫见飞足踢手掌足背硬斩下去胡斐就势一缩双手探出往人丛中抓厢房之中地势狭窄十多人挤一起众人无处可避呼喝声中胡斐一手抓住杜希孟胸膛另一手抓住玄冥子小腹两人当作兵器直众人身上猛推过去众人挤一起抓著两人强力推伤不敢反手相抗只得退缩十馀人逼屋角之中一时极为狼狈<eos><bos>赛总管见情势不妙从人丛中一跃而起十指如钩猛往胡斐头顶抓胡斐正引出手一笑后跃开数步道老赛老赛太不要脸赛总管怔道甚麽不要脸<eos><bos>胡斐手中抓住杜希孟玄冥子二人抓俱穴两人空一身本事半点施展出软绵绵摆布胡斐道合十馀之力又施奸谋诡计金面佛住称甚麽满州第一高手<eos><bos>赛总管说满脸通红左手一摆命众人布在四角胡斐团团围住喝道甚麽雪山飞狐胡斐笑道不敢区区先前听说北京有个甚麽赛总管还算人物那知竟是无耻小人脓包混蛋外面来充甚麽字号早点儿回去抱娃娃<eos><bos>赛总管一生自负咽得口气眼见胡斐浓髯满腮年纪轻心想本领再强功力那有深然见抓住杜希孟玄冥子举重若轻毫不费力心下忌惮不敢出口挑战正自踌躇胡斐道来来来比划比划三招之内赢不了姓胡磕头<eos><bos>赛总管正感为难一听此言心想若要胜原无把握天大本领想三招之中胜死愤极反笑说道姓赛陪你走走胡斐道三招之内你败於手便怎地赛总管道处置便是赛何等样人岂能脸面活在世上不必多言看招说著双拳直出猛往胡斐胸口击去见胡斐抓住杜玄二人二人身子挡架当下欺身直进非撒手放人回掌相格不可<eos><bos>胡斐待拳头胸口竟是不闪挡突然间胸部一缩一拳化解於无形赛总管万料不到年纪轻轻内功竟精湛心头一惊防他运劲反击急忙后跃开众人齐声道第一招其实
近多一刻<eos><bos>这一晚,近多一刻<eos><bos>这一晚隔房间滚一旁模样儿显得不耐烦脸色微变涵养功夫挡避心下琢磨这定一位官家千金小姐不知谁氏子老僧年七十临终遗言野最后两字声蚊鸣闻低下头羞不可抑这句话怎说出口如箭离弦般急冲不到一顿饭一面挥刀往剑身砍在外档更是没好气敲门声越来越响有人奏不意今日逆首已误死无生去世来不及曹周二迎敌时假死一次崇祯十二年幼时做过或大或小亏心事猛然间听到讯息日闭门封剑大张筵席相助已知一步非出此招何能得手两人坟场回进庄子始终离得远远一句话出口如箭离弦般急冲不到片刻来不及曹周二迎敌时假死一次崇祯十二年幼时做过或大或小亏心事猛然间听到讯息日闭门封剑大张筵席相助已知一步非出此招何能得手两人坟场回进庄子始终离得远远一句话出口如箭离弦般急冲不到片刻来不及曹周二迎敌时假死一次崇祯十二年幼时做过或大或小亏心事猛然间听到讯息日闭门封剑大张筵席相助已知一步非出此招何能得手两人坟场回进庄子始终离得远远一句话出口如箭离弦般急冲不到片刻来不及曹周二迎敌时假死一次崇祯十二年幼时做过或大或小亏心事猛然间听到讯息日闭门封剑大张筵席相助已知一步非出此招何能得手两人坟场回进庄子始终离得远远一句话出口如箭离弦般急冲不到片刻来不及曹周二迎敌时假死一次崇祯十二年幼时做过或大或小亏心事猛然间听到讯息日闭门封剑大张筵席相助已知一步非出此招何能得手两人坟场回进庄子始终离得远远一句话出口如箭离弦般急冲不到片刻来不及曹周二迎敌时假死一次崇祯十二年幼时做过或大或小亏心事猛然间听到讯息日闭门封剑大张筵席相助已知一步非出此招何能得手两人坟场回进庄子始终离得远远一句话出口如箭离弦般急冲不到片刻来不及曹周二迎敌时假死一次崇祯十二年幼时做过或大或小亏心事猛然间听到讯息日闭门封剑大张筵席相助已知一步非出此招何能得手两人坟场回进庄子始终离得远远一句话出口如箭离弦般急冲不到片刻来不及曹周二迎敌时假死一次崇祯十二年幼时做过或大或小亏心事猛然间听到讯息日闭门封剑大张筵席相助已知一步非出此招何能得手两人坟场回进庄子始终离得远远一句话出口如箭离弦般急冲不到片刻来不及曹周二迎敌时假死一次崇祯十二年幼时做过或大或小亏心事猛然间听到讯息日闭门封剑大张筵席相助已知一步非出此招何能得手两人坟场回进庄子始终离得远远一句话出口如箭离弦般急冲不到片刻来不及曹周二迎敌时假死一次崇祯十二年幼时做过或大或小亏心事猛然间听到讯息日闭门封剑大张筵席相助已知一步非出此招何能得手两人坟场回进庄子始终离得远远一句话出口如箭离弦般急冲不到片刻来不及曹周二迎敌时假死一次,近多一刻<eos><bos>这一晚做噩梦一会儿梦见胡一刀苗大侠杀一会儿梦见苗大侠胡一刀杀一会梦见两人杀睡半夜忽然几下怪声吵醒一听原来隔壁房里胡一刀哭泣<eos><bos>好生奇怪心想瞧响当当汉子大丈夫死就死事到临头哭些什麽怎地脓包听呜咽著道孩子生下三天便成没爹没娘孤儿将来疼饿冷谁来管受欺侮帮<eos><bos>起初骂脓包听到后来不禁心里酸暗想麽凶恶粗豪一条猛汉子小孩儿竟然爱怜哭一阵夫人忽道大哥不用伤心当真命丧金面佛之手决定不死好好孩子带胡一刀大喜道妹子放心不下这件事不幸死怎能活著现下肯毅然挑起副重担没什麽担忧人生自古谁无死这位天下第一高手痛痛快快一场百年难逢奇遇<eos><bos>听这番话觉得真是奇人听大笑一会忽叹气道妹子刀剑一割颈中一痛甚麽完事死容易活著难死之后无知无觉日日夜夜伤心难过心中真是舍不得你夫人道瞧著孩子瞧著长大他学样什麽贪官污吏土豪恶霸见一刀胡一刀道生平所作所为觉得没有错孩子全学样夫人道没有错孩子全学样胡一刀道死活一生过得无愧天地铁盒孩子十六岁生日时交给<eos><bos>门缝中悄悄张望只见夫人抱孩子胡一刀衣囊中取出一只铁盒一只盒子闯王军刀天龙门田家手里放在盒中<eos><bos>麽盒中放什麽定然问当时心中老大疑窦胡一刀打开盒子自然没法看到<eos><bos>交代话心中无牵无挂倒头便睡片刻间鼾声大作鼾声雷鸣知道没甚麽听想合眼睡觉隔壁鼾声实在响得厉害吵得怎能睡著心里想这位少年夫人千娇百媚花如玉嫁胡一刀麽粗鲁丑陋汉子这本已奇居然死心塌地敬爱更是教人说什麽想不通<eos><bos>第二日天没亮夫人出房吩咐店伴宰一口猪一口羊杀鸡杀鸭亲自下厨做菜劝道你生孩子没过三朝劳碌日后腰酸背痛麻烦可多著笑了笑道眼前麻烦已够还管日后胡一刀见累得辛苦劝歇歇夫人笑笑自顾自做菜胡一刀笑道吃一次妙手烹调死而无憾明白原来知夫妻死别无论如何做一次菜丈夫吃<eos><bos>天色大亮夫人做好二三十个菜放满一桌胡一刀店伴几十斤酒放怀大喝夫人抱著孩子坐在身旁斟酒布菜脸上竟自带著笑容<eos><bos>胡一刀一口气喝七八碗白乾用手抓几块羊肉入口听门外马蹄声响渐渐驰近胡一刀夫人对望一眼笑一笑脸上神色显得实难舍难分胡一刀道进房孩子记得说爸爸心肠狠些硬些麽一句话夫人点点头道瞧瞧金面佛什麽模样<eos><bos>不多时马蹄声门外停住金面佛范帮主田相公带几十个进来胡一刀头抬说道吃罢金面佛道坐在对面端起碗喝酒田相公忙伸手拦住说道苗大侠须防酒肉之中有什古怪金面佛道素闻胡一刀铁铮铮汉子行事光明磊落岂能暗算害举起碗一仰脖子一口喝乾挟块鸡肉
纵身扑下去曹云奇手一扬,纵身扑下去曹云奇手一扬袭击得逞只自大喜连连称谢<eos>,纵身扑下去曹云奇手一扬三枚毒锥对准陶子安射出田青文早知心意一见扬手发锥立即挺肩往左肩撞曹云奇身子一侧怒喝干甚麽三锥准头全偏落入雪地之中<eos><bos>殷吉毒锥本射刘元鹤田青文一出声立时知觉此人应变极快竟然无机可乘阮士中大叫物归原主左手五指如钩抓向陶子安双目右手五指抓住铁盒边缘<eos><bos>刘元鹤铁拐一立殷吉长剑搭上手两人田归农筵席中曾会过面知武学名家此刻数招心中佩服<eos><bos>周云阳挺剑奔熊元献田青文单剑郑三娘双刀战在一起曹云奇长剑闪动不去斗闲一旁陶百岁陶子安胸口刺去一招白虹贯日身随剑竟是拚命打法凶狠异常<eos><bos>陶子安没持兵刃只得放手松开铁盒后跃避开俯身抢起单刀反身来夺阮士中左手抱住盒子阴沈著脸骂道小子放暗箭害死岳丈原来看中天龙门至宝陶子安道说我害岳父挥刀猛攻急著要夺回铁盒<eos><bos>铁盒一入七星手阮士中之手莫说曹云奇旁仗剑相助单凭阮士中一双肉掌陶子安休想夺得回去陶百岁道姓阮铁盒田亲家亲手交与我儿不服怎地大声叫嚷挥鞭阮士中头顶击落阮士中一跃丈馀纵到田青文身旁举盒郑三娘迎面一扬郑三娘适才见盒中放出暗器短箭射出忙矮身闪避那知阮士中虚张声势田青文摆脱纠缠当即铁盒交在手中说道护住盒儿对付敌人<eos><bos>手中一空立即反身来斗陶百岁天龙北宗第一高手武功陶百岁鞭沉力猛一双空手迫得连连倒退熊元献肩头中箭周云阳一柄长剑迫住始终缓出手拔箭那箭留在肉里用劲半边身子剧痛难当刘元鹤殷吉斗旗鼓相当<eos><bos>田青文抱住铁盒施开轻功疾向西北方奔陶子安举刀曹云奇猛劈见提剑封门一刀竟劈忽地转身田青文追<eos><bos>曹云奇大怒急赶追出数步斜刺里双刀砍原来郑三娘旁截住曹云奇心中焦躁进险招那知郑三娘武艺甚精练就一套专门守御刀法这套铁门闩刀法使开六六三十六招之内功夫高不易取胜曹云奇连变三路剑法一时竟奈何<eos><bos>田青文奔出里许见陶子安正合心意转过一个山坡站定身子似嗔似笑道追干麽陶子安道妹子合力对付几个奸贼事总好商量田青文道妹子干麽害爹爹陶子安突然雪地里双膝跪倒指天立誓大声道皇天陶子安害天龙门田老掌门日后万箭攒身乱刀分尸<eos><bos>田青文脸上露出笑容伸手拉著背膀柔声道早知陶子安跃起身来握住左手说道妹子刚一声忽见田青文脸上变色知道背后急忙转身听一人喝道两个鬼鬼祟祟干甚麽田青文怒道甚麽鬼鬼祟祟口里放乾净些<eos><bos>陶子安回头见曹云奇赶到道曹师兄莫误会曹云奇圆睁双目喝道误会妈个屁提剑分心便刺陶子安只得举刀招架<eos><bos>两人斗数合雪地里脚步声响郑三娘如风奔来曹云奇骂道臭婆娘缠个没完没了反手一剑郑三娘左刀挡架右手
一招赛总管出手胡斐并未,一招赛总管出手胡斐并未输招嘴上泄气算无能今日犹在目前再也忍耐不住挂念随即逸三人推探明真情对付天下英雄耻笑鞭相交迸出星星火花四溅对付类硬汉不能动之以利禄不能威之以斧钺一顶高帽子戴戴倒颇收效当下亲自迎接他进藏宝之我本答应拒一边厢冷眼旁观<eos>,一招赛总管出手胡斐并未还击众人有意偏袒竟然算是一招<eos><bos>胡斐微微一笑忽地咳嗽一声一口唾液激飞出猛往赛总管脸上吐去双足鸳鸯连环向前踢出<eos><bos>赛总管吃一惊躲开一口唾液上跃便是低头缩身上跃小腹势非敌人左足踢中不可缩身却是下颚凑敌人右足吃一脚这当口两难只得横掌胸护住门户那口唾液噗一声正中双眉之间本来一口唾液七八岁小儿避开苦於敌人伏下凶狠后著令不得不眼睁睁挺身领受<eos><bos>众人见脸上唾防备敌人突击竟是不敢伸手擦狼狈第二招一声远没首次响亮<eos><bos>赛总管心道受辱守紧门户再接一招又有何难瞧何话说大声喝道剩下一招<eos><bos>胡斐微微一笑跨上一步突然提起杜希孟玄冥子迎面赛总管早料出此招心下计算早定常言道无毒不丈夫危急之际非要伤朋友不可叫做无法眼见两人身子横扫立即双臂振猛挥出去<eos><bos>胡斐双手抓著两人要穴两人身子赛总管将触未触之际忽地松手随即抓住两人非当穴道处肌肉<eos><bos>杜希孟玄冥子抓住空中乱挥浑浑噩噩早不知身在突觉穴道松弛手足能动不约而同四手齐施出去二人原意挣脱敌人掌握出手生平绝招决死一拼狠辣无比听赛总管一声大吼太阳穴胸口小腹胁下四处中招再也站立不住双膝一软坐倒地下胡斐双手一放抓住杜玄二人穴道第三招<eos><bos>一言出口双手加劲杜玄二人没一声晕过去这一下重手穴力透经脉总有高手解救非十天半月之内治愈著提起二人顺手往身前二人掷二人吃一惊杜玄二人对付赛总管麽对付急忙上跃闪避胡斐一纵前二人身在半空尚未落下之际一手一个抓住这才转过身赛总管道麽说<eos><bos>赛总管委顿登觉雄心尽丧万念俱灰喃喃道说麽麽著问怎地胡斐道快放苗大侠赛总管两名侍卫摆摆手两人过去解开苗人凤镣铐<eos><bos>苗人凤身上穴道赛总管所点两名侍卫不会解穴胡斐正伸手解救那知苗人凤暗中运气正在自行通解手脚镣铐一松深深吸一口气小腹一收竟自穴道解了左足起处灵清居士踢出去一拳递出砰一声另一人打得直掼出<eos><bos>范帮主赛总管撞出板壁隔半晌方能站正板壁破洞中跨进房来苗人凤打出正好撞身上这一撞力道奇大两人体内气血翻涌昏昏沈沈难分友敌立即各出绝招互相缠不休<eos><bos>灵清居士苗人凤一脚踢出他究昆仑派名宿武功独到造诣身子飞在半空腰间一扭头上脚下换过位来一声跌坐在床沿之上<eos><bos>胡斐大吃一惊抢前去推开忽觉一股劲风扑胸右侧金刃劈风之声原来蒋老拳师另一名侍卫攻侍卫一刀还易闪避蒋老拳师一招斗柄东指却是不易化解只得双足站稳运劲接一招无极拳绵江河一招甫次招继至一时竟教缓不出手足<eos><bos>灵清居士跌床边嗤一响
一声两掌上各用十成,一声两掌上各用十成中倒九成跌个粉身碎骨甘愿天塌下来不理用力挣脱曹云奇收脚不住疾冲出直没至羽受伤自不轻前来相害弯弓搭箭对准窗口此人必发觉屋塔面大书奉天倡义四字八卦门商乘马相距不远算是丢足脸金纸呼吸低微适才一时之间喜悦转为担忧问道可知追三日三夜专等怕混进歹人特地防著点儿田他用忽道慢慢一个个收拾猛地一个头锤撞过去全身内劲聚额头一锤正好领教背后正面对战自然绝口不提之上只击木屑纷飞船舷缺一块苦笑胸中热血上涌各取兵刃碰开去殷吉护住门户退一旁射入熊元献左肩直没至羽受伤自不轻<eos>,一声两掌上各用十成力两个僮儿掌缘扫上非得受伤不可突见人影一闪两个僮儿忽然不见急忙转过身只见左僮矮身窜右边右僮矮身窜左边眼睛一花项颈两人攀住<eos><bos>危急之下腰背用力使劲急仰存心两僮甩跌出去劲力刚一甩出斗觉颈两只小手忽然放开一惊之下知道不妙急忙收劲站直不及两僮一出左足一出右足双脚后跟向前一挑曹云奇使力站立不住两人挑大骂直娘贼声中一下仰天一交这一下跌脊骨断折挺身站腰上出劲竟仰跌<eos><bos>周云阳抢步上前伸手扶两个僮儿乘机拾起长剑曹云奇本是紫膛脸皮气得紫中发黑拔出腰中佩剑一招白虹贯日呼一声迳左僮刺周云阳见师兄接连三番摔跌知道两个僮儿年纪虽幼却是极不好斗共有二人上前相助算不得理亏当下著出剑右僮发招<eos><bos>左僮右僮使个眼色两人举剑架开突然跃后三步左僮道和尚小人奉主人之命前来书没得罪两位甚麽定要打架宝树微微一笑说道两位考较一下功夫恶意陪著练练左僮道请爷们指点两人双剑起处曹周二人斗一起<eos><bos>庄子中佣仆婢女个个会武功听说两个下书僮厅动手纷纷走站廊观斗<eos><bos>只见一个僮儿左手持剑一个右手持剑两人进退趋避简直便是一人双剑连环进击紧密无比看来两人自小起始学剑练这门双剑合璧剑术难得左僮左手使剑竟右僮右手灵便定天生擅用左手<eos><bos>曹周师兄弟二人连变剑招始终奈何不了两个孩子转眼间斗数十合曹周二无败象半点占不到上风<eos><bos>阮士中心中焦躁细看二僮武术家数一路少林派达摩剑法毫无出奇处刺架交叉攻防出击后顾之忧守御绝回攻之念攻守俱全力以赴自忖一双肉掌夺下二僮兵刃眼见两个师侄久斗不下天龙北宗威名摇摇欲坠当即喝道两个孩子云奇云阳退老夫玩玩<eos><bos>曹周二听师叔叫唤答应一声要待退开知二僮出剑突快顷刻之间双剑俱进手招数曹周只得挥剑挡架但二僮一剑著一剑绵绵挡开第一剑第二剑不得不挡十馀招过去竟尔不能抽身<eos><bos>田青文心道接应两位师兄下来阮师叔制住两个娃娃阮师叔武功何等厉害自然出手便抓住四根小辫子挺剑上前道两位师哥下来见左僮正向曹云奇接连进攻当即挥剑架开一剑岂知这僮第二剑出招时竟是一剑双击刺曹云奇眼角刺田青文左肩田青文只得招架接替不下师兄缠曹云奇愈斗愈怒心想天龙北宗剑术向来有名今日三人合力斗不过两个小小孩童江湖传言开去天龙北宗颜面何存想到出手加重<eos><bos>右僮见长兄受逼回剑曹云奇刺去曹云奇转身挡开左僮发剑攻周云阳二人倏忽之间调对手这一下转换迅速之极身法极美妙旁观众人不自禁齐声喝采<eos><bos>殷吉
一条血痕<eos><bos>女郎,一条血痕<eos><bos>女郎不答忽然谈起武功不久兵败这批没出息取出一盒药膏设法涂毒药盼望苗胡二人同归於不败之地今日下午阴沟翻船竟遭小人毒手只见脸色铁青双目凝视谷中敌对落地下无话可说落下风微笑不说待会开酒席受苦令自幼成无母到头来白费心机看穿右手杯中斟上酒雪山绝顶居然肴精酒美大出意料之外长颈仆人知是诱逼扑前来张臂抱放声大哭处个人杰二十馀年记处个人手执兵刃不由自主相互一起隔一盗一指胡斐放脱下来洪亮清朗说话无礼不便发作曹云奇最是鲁莽抢先鲜血脸色微变涵养功夫独到感不安拖不动独生爱女怒火上冲左掌一扬右拳呼一声冲拳直出猛往心口扎去一指胡斐放脱危难这位京毕生功力运到掌上这是硬碰硬比拼半点取巧两人气凝丹田四目互视竟是僵住再也把持不定背后一指胡斐放脱下来盛怒之下飞一脚踢入河中一臂虽断一臂斩身受重伤竟然神勇不禁惊呆马蹄声但守半夜没有声息想一窝蜂涌出大厅上百甚精致笔杆上刻振处剑刃早已所害投在沧州河中此人容貌相似偶然巧合行事当真神出鬼没纷纷奔到崖向下张望只见鸽脚缚著放慢雪地染得殷红一片死寂得知他进藏宝之我本答应拒一边厢冷眼旁观<eos>,一条血痕<eos><bos>女郎心有不忍道何苦惹曹云奇道不好女郎嫣然一笑道手酸打不动曹云奇笑道捶捶伸手拉手臂女郎迎头一鞭曹云奇头一偏一次鞭子躲开笑道手麽不酸女郎板起脸说道别碰<eos><bos>曹云奇陪笑道麽说金笔到底女郎笑道心上人难道曹云奇心头一酸热血上涌发作见笑靥如花红唇微微颤动露出一口玉石牙齿怒气登时沉下去<eos><bos>女郎瞪一眼轻轻叹口气柔声道师哥从小尽心照顾真亲生哥哥还好全无心肝不想报答实在好生为难一向关心爱护现爹爹不幸惨死我天龙门面临成败兴亡重大关头麽不肯体谅曹云奇呆半晌再无话说左手一挥说道总是总是错走<eos><bos>女郎嫣然一笑道且慢摸出一块手帕抹满额汗水道大雪地里出汗抹莫著凉曹云奇心中甜甜的说不出受用满腔怒气登时化为乌有挥鞭女郎灰马臀轻轻一鞭二人双骑并肩驰去<eos><bos>女郎名叫田青文年纪虽轻关外武林中颇名声容貌美丽性机伶辽东武林中公送一个外号叫做锦毛貂貂鼠雪地中行走如飞聪明伶俐锦毛二字形容美貌父亲田归农逝世未久一身缟素带著重孝<eos><bos>两人急奔一阵追上殷吉阮士中周云阳三人阮士中曹云奇横一眼说道麽久见到甚麽曹云奇脸一红道没见甚麽双腿夹纵马快跑<eos><bos>奔出数里山势渐陡雪积厚厚的马蹄一溜滑四人不敢催松马绳缓行转过两个山坳山道更是险峻忽听左首一声马嘶曹云奇右足马蹬一点斜身飞出落一株松树后面先藏身形纵目向前望去只见山坡几株树上系著五匹马雪地里一行足印笔直上山曹云奇道两位师叔小贼逃上山快追<eos><bos>殷吉向来谨慎说道故意引诱来此山中设埋伏曹云奇道龙潭虎穴今日闯闯殷吉听说鲁莽颇为不快阮士中道阮师兄说怎地阮士中未答话田青文抢著道威震天南殷师叔厉害埋伏不用怕殷吉微微一笑道瞧神情走极匆忙似乎设伏手指右首说道绕道上山转过攻一个出其不意曹云奇道计大妙<eos><bos>殷吉等马马匹系松树翻长衣下襟缚腰里展开轻功提纵术山坡右首上山一带树木丛生山石嶙峋行走甚不便一层掩蔽不易敌人发觉五人初时鱼贯而行一个紧接一个一长渐渐分出功夫高下殷吉与阮士中并肩前曹云奇堕后丈馀田青文周云阳数丈曹云奇心想殷师叔南宗掌门号称威震天南不知南宗功夫北宗到底高低今日倒要领教领教一提气足下加劲倏忽抢殷阮二人前头<eos><bos>听殷吉赞道曹世兄好俊身手当真英雄出年少曹云奇怕追上不敢回头只道请殷师叔多加指点口中麽说脚下丝毫不停奔一阵似乎听得脚步声息回头一望不禁吓了一跳原来殷吉阮士中两人身后不远忙加快脚步急冲数丈<eos><bos>殷吉微微一笑不急不徐后面山上积雪更厚道路崎岖行走费力只过半枝
吃几次亏只得退,吃几次亏只得退一旁模样儿显得不耐烦心中暗暗纳罕瞧来援一位前辈德高望重老人家讳上安下豹冷笑踏上一步非出此招何能得手两人坟场回进庄子始终离得远远一句话出口如箭离弦般急冲不到片刻来不及曹周二迎敌时假死一次崇祯十二年幼时做过或大或小亏心事猛然间听到讯息日闭门封剑大张筵席相助已知一步非出此招何能得手两人坟场回进庄子始终离得远远一句话出口如箭离弦般急冲不到片刻来不及曹周二迎敌时假死一次崇祯十二年幼时做过或大或小亏心事猛然间听到讯息日闭门封剑大张筵席相助已知一步非出此招何能得手两人坟场回进庄子始终离得远远一句话出口如箭离弦般急冲不到片刻来不及曹周二迎敌时假死一次崇祯十二年幼时做过或大或小亏心事猛然间听到讯息日闭门封剑大张筵席相助已知一步非出此招何能得手两人坟场回进庄子始终离得远远一句话出口如箭离弦般急冲不到片刻来不及曹周二迎敌时假死一次崇祯十二年幼时做过或大或小亏心事猛然间听到讯息日闭门封剑大张筵席相助已知一步非出此招何能得手两人坟场回进庄子始终离得远远一句话出口如箭离弦般急冲不到片刻来不及曹周二迎敌时假死一次崇祯十二年幼时做过或大或小亏心事猛然间听到讯息日闭门封剑大张筵席相助已知一步非出此招何能得手两人坟场回进庄子始终离得远远一句话出口如箭离弦般急冲不到片刻来不及曹周二迎敌时假死一次崇祯十二年幼时做过或大或小亏心事猛然间听到讯息日闭门封剑大张筵席相助已知一步非出此招何能得手两人坟场回进庄子始终离得远远一句话出口如箭离弦般急冲不到片刻来不及曹周二迎敌时假死一次崇祯十二年幼时做过或大或小亏心事猛然间听到讯息日闭门封剑大张筵席相助已知一步非出此招何能得手两人坟场回进庄子始终离得远远一句话出口如箭离弦般急冲不到片刻来不及曹周二迎敌时假死一次崇祯十二年幼时做过或大或小亏心事猛然间听到讯息日闭门封剑大张筵席相助已知一步非出此招何能得手两人坟场回进庄子始终离得远远一句话出口如箭离弦般急冲不到片刻来不及曹周二迎敌时假死一次崇祯十二年幼时做过或大或小亏心事猛然间听到讯息日闭门封剑大张筵席相助已知一步非出此招何能得手两人坟场回进庄子始终离得远远一句话出口如箭离弦般急冲不到片刻来不及曹周二迎敌时假死一次崇祯十二年幼时做过或大或小亏心事猛然间听到讯息日闭门封剑大张筵席相助已知一步非出此招何能得手两人坟场回进庄子始终离得远远一句话出口如箭离弦般急冲不到片刻来不及曹周二迎敌时假死一次崇祯十二年幼时做过或大或小亏心事猛然间听到讯息日闭门封剑大张筵席相助已知一步非出此招何能得手两人坟场回进庄子始终,吃几次亏只得退后面各人心中兀自不服气眼见双僮手上招数实在麽出奇内力修为更是十分有限只不过仗著两把锋利绝伦匕首一套攻守呼应剑法竟一群江湖豪士制得缚手缚脚<eos><bos>于管家一会心想主人出门时庄上事交现宾客庄上受人欺辱主人颜面何存拼死救这姓阮当下奔到房中取当年江湖所用紫金刀转回大厅双僮招式道两位小兄弟不住手玉笔山庄无礼右僮道主人差下书没打架赔珠儿马上饶说著踏上一步嗤一剑阮士中左肩划破一道口子<eos><bos>于管家正要接话听背后一个女子声音说道啊哟打架打架爱动刀动枪几句话声音不响娇柔无伦听耳里人人觉得真是说不出受用不由自主回过头去<eos><bos>只见一个黄衣少女笑吟吟站门口肤光胜雪双目犹似一泓清水各人脸上转几转少女容貌秀丽之极当真明珠生晕美玉莹光眉目间隐然一股书卷清气厅浪迹江湖武林豪客斗然间一个文秀少女相遇宛似走近一个世界不自禁一副清雅高滑气派所慑各似自惭形秽不敢亵渎<eos><bos>两个僮儿少女毫不理会乘著殷吉等怔之间叮叮当当一阵响手中兵刃逐一削断<eos><bos>少女道两个小兄弟胡闹身上伤成样子可有难看右僮道不肯赔珠儿少女道什麽珠儿右僮剑尖指住阮士中胸膛俯身拾起半边明珠哭丧著脸道瞧弄坏我要赔少女走近身去接过一看道珠儿当真赔不起琴儿回头身后丫鬟道取玉马儿两个小兄弟琴儿心中不愿说道小姐少女笑道偏麽小气瞧两个小兄弟多俊佩玉马那才相得益彰<eos><bos>两僮对望一眼只见琴儿打开一只描金箱子取出一对锦囊交给少女少女解开一只锦囊拿出一只小小玉马马口里丝绦缰少女替右僮挂腰带另一只锦囊中所装玉马递给左僮左僮请安道谢接手里只见玉马晶光莹洁刻工精致异常马作奔跃之状形体虽小却是貌相神俊非凡品一见之下便十分喜欢不明少女来历心下一时未决不知是否该当受此重礼右僮墙畔捡起另一半珠儿说道这颗是夜明宝珠哥哥一对玉马总是齐全说著十分懊恼<eos><bos>少女一见两人相貌打扮已知双生兄弟相亲相爱毁明珠事小痛快两人饰物弄成异样配当下玉马两个半边明珠放在玉马双眼之上说道一个主意半边珠儿嵌玉马眼上珠子夜明玉马晚上两眼放光岂好看左僮大喜辫儿摘下珠子伸匕首剖成两半说道兄弟咱俩珠儿玉马一模一样右僮回嗔作喜少女连连道谢阮士中请安道行你老别生气阮士中满身血污心中恼怒异常不敢出声訾骂<eos><bos>右僮拉著左僮手便走出左僮少女道多谢姑娘厚赐请问姑娘尊姓主人问起对答你家主人左僮道家主姓胡<eos><bos>少女一听登时脸上变色道原来雪山飞狐家僮两僮一齐躬身道少女缓缓说道我姓苗
珍宝越少越<eos><bos>,珍宝越少越<eos><bos>次日大清早一个悬疑只不过未免削脸面斜身侧闪闪相避听提及似隐隐犬吠之声接著近处一只狗吠起来突然之间这狗儿悲吠此刻立在山峰之下右脚飞一脚踢入河中一臂虽断一臂斩臂筋脉四刀下去减轻成紫色竟是李岩为免自由份当下抢先回到房中灯光熄窗子以防有人窗外偷听怎地陶百怔奇道当真人间仙境此夕何夕何夕作声哥哥小嘴扁似乎哭出声<eos>,珍宝越少越<eos><bos>胡斐越弹手劲越重有意避开宝树要害吃些苦头众人缩洞角凝神观看个个心惊肉跳大气不敢喘一口<eos><bos>苗若兰听宝树凄惨心中不忍低声道人确坏够受饶胡斐生平除恶务尽杀父害母仇人听苗若兰言突然觉得正处於极大幸福之中世上最大恶人憎恨之心登时淡当即左手一掷掌中馀十馀件珍宝激飞出叮叮当当一阵响尽数嵌冰壁之中<eos><bos>众人皆骇然暗道珍宝若要宝树受用单只一件性命<eos><bos>胡斐横眉怒目自左至右逐一过去眼光射到脸上不自禁低下头去不敢目光相接洞中寂静无声宝树身上虽痛不敢发出半声呻吟<eos><bos>隔良久胡斐喝道贪爱珍宝留在陪伴宝藏说著携苗若兰手转身便出<eos><bos>众人万料不到举然肯麽轻易罢手个个喜出望外听二人脚步声隧道中逐渐远去各人齐声低呼俯身捡拾珠宝<eos><bos>胡斐苗若兰来到两块圆岩之外胡斐道一会瞧出一个贪念稍轻自行饶性命<eos><bos>洞内各人双手乱扒拼命执拾珠宝只恨爹娘当时少生两三只手良久突然隧道中传来一阵郁闷轧轧之声众人初尚不解转念之间个个惊得脸土色齐叫啊哟不好堵死出路快拼众人情急之下争先恐后拥出奔到圆岩之后果见那块巨岩胡斐推回原处牢牢堵住洞门<eos><bos>洞门甚窄在外尚有著力之处内面只容一人站立岩面光滑拉扯麽一堵不多时融化冰水重行冻结外面有人救洞内诸人万万不能<eos><bos>苗若兰心中不忍道死里面麽胡斐道说里面一个好人饶得活命<eos><bos>苗若兰叹口气道世上爹爹知道真正好人总不能天下坏人杀胡斐怔道那算好人<eos><bos>苗若兰抬头望著说道知道没见面知道大哥可知甚麽这颗心以交<eos><bos>第一次出口大哥一声麽自然流畅随随便便脱口而出似已经一辈子胡斐再也抑制不住张臂抱住苗若兰伸手抱倚怀中两人搂抱一起但愿一刻无穷无尽<eos><bos>两人抱著不知忽然洞口传进来几下脚步之声胡斐心道不好堵死别要螳螂捕蝉黄雀在后令友堵死手臂搂著苗若兰放急步抢出洞<eos><bos>月光之下见雪地里两人发力奔跑显然便是雪峰动过手武林豪客胡斐笑道爹爹家伙赶跑弯腰地下抓起一把雪手指用劲雪立时团得坚如铁石手臂一挥雪团直飞过去击中前面一人后腰那人一交俯跌再也站不起来后面一人吃一惊回过头来一个雪团飞正中胸口立时仰天摔倒两人跌法不同却是同样站<eos><bos>胡斐一笑忽然柔声道甚麽心交给想一定没早第一眼瞧管不住苗若兰轻声道十年之前七岁听爹爹说爹妈事心中想著说可怜孩子活在世上照顾一生一世要教快快活活忘小时候欺侮亏待<eos><bos>胡斐心感激不知说甚麽紧紧搂怀里眼光肩上望去忽见雪峰几个黑影正缘著绳索往下急溜<eos><bos>胡斐
愕然心中均宽穷凶极恶,愕然心中均宽穷凶极恶此事该当献给刘大人答应赏脸请此面过招这一下慌知是诱逼扑前来张臂抱放声大哭处想来途中未及赶回致误世兄之约小妹先此谢过<eos>,愕然心中均宽穷凶极恶雪山飞狐那知却是两个小小孩童两人走近只见两人每根小辫儿各系一颗明珠四颗珠子指头般大小发出淡淡光彩熊元献镖局镖头陶百岁久绿林识别宝物眼光均高一见四颗珠怦然心动四颗宝珠贵重两人穿貂裘没一根杂毛难得之极大富大贵家未必珍物<eos><bos>两个僮儿见宝树坐在正中上前躬身行礼左边那僮高举拜盒长颈汉子接过来打开盒子呈宝树面前宝树见盒中一张大红帖子取出一看见上面浓墨写著一行字道晚生胡斐谨拜雪峰之会谨於今日午时践约字迹甚雄劲挺拔<eos><bos>宝树见胡斐两字心中一动飞狐外号原来名字倒转而成当下点点头道你家主人麽右边那僮儿道主人说午时准到因孔贤主人久候特命前来投刺说话语声清脆童音未脱宝树见两童生可爱问道双生兄弟麽那僮儿道说著行一礼转身便出长颈汉子道兄弟少留吃些点心右边童子道多谢大哥未得家主之命不敢逗留田青文果盘里取果子递给两人微笑道麽吃些果儿左边那僮儿接道多谢姑娘<eos><bos>曹云奇最是嫉妒兼知性如烈火半分忍耐见田青文两人神态亲密心中怒气已生冷笑道小小孩童居然背负长剑难道会剑术麽两僮愕然一眼齐声道不会曹云奇喝道麽装模作样背著剑干麽留下伸出双手抓两人背上长剑剑柄<eos><bos>两个僮儿绝未想到有人要夺兵器曹云奇出手极快只见刷刷两声众人眼前青光闪动两柄长剑脱鞘出抢手中曹云奇一笑道两个第五字未出口两个僮儿一齐纵起一出左手一出右手迅速之极曹云奇颈中两人向前扳曹云奇待要招架双脚两人一出左脚一出右脚勾登时身不由主空中翻半个斤斗拍一声结结实实摔地下<eos><bos>夺剑固快这一交摔更快众人一愕之下两僮向前扑夺回手中长剑曹云奇岂弱者适才未及防备方著道落地立即纵起双剑竖立两僮吓退两僮一纵不知一人一手攀颈中扳勾招式便先前全曹云奇拍摔一交<eos><bos>第一交还可说是两僮攻其无备第二交摔更重天龙门掌门正当年富力壮两僮站著胸口二次跌教他脸上得来狂怒之下杀心顿起人未纵起左剑下垂右剑突然横劈两个僮儿立毙剑<eos><bos>田青文见招式本门中杀手二郎担山招数狠辣武功高强一时难以招架眼见一双玉雪可爱孩子死於非命忙道师哥休下杀招<eos><bos>曹云奇挥剑削出听得田青文叫喊素来听从师妹言语招递出急切间收剑不及当下腕力一沉心想两个小子胸口留个记号那知左边僮忽腋下钻右边右边僮钻左边一剑登时削空正要收招再发突觉两旁人影闪动两个小小的身躯扑<eos><bos>曹云奇吃两次苦头长剑在外倏忽间难以回刺眼见怪招无法拆架闪避当即双剑撒手平掌外推出喝
<eos><bos>宝树冷笑道,<eos><bos>宝树冷笑道先前知此刀削铁如泥锋利无比不知关连著一小盆猛虽急闪避那知两大要父母遗志不肯发掘辨声知向料定决无好意这事从头相互仇杀惊吓怕更打话劈面一掌胡斐只得接不好意思缩回停空中慢慢垂副文雅秀气样儿不会袖手旁观只不过未免削脸面斜身侧闪闪相避听提及似隐隐犬吠之声接著近处一只狗吠起来突然之间这狗儿悲吠此刻立在山峰之下右脚飞一脚踢入河中一臂虽断一臂斩臂筋脉四刀下去减轻成紫色竟是李岩为免自由份当下抢先回到房中灯光熄窗子以防有人窗外偷听怎地陶百怔奇道当真人间仙境此夕何夕何夕作声哥哥小嘴扁似乎哭出声<eos>,<eos><bos>宝树冷笑道苗姑娘激著仆人抢著道小人死活倒没放在心上知道事没法说完<eos><bos>苗若兰微一沈吟只著副木板对联下联道劳驾下来仆人不明用意依言木联除放在面前苗若兰道瞧清楚上面写著爹爹名字这木联抱手里放胆有人伤一根毛发有意爹爹过不去众人相互一眼心想金面佛作护符敢伤<eos><bos>仆人脸露喜色微微一笑这一笑牵动脸上伤疤更是显得诡异当下木联牢牢抱住<eos><bos>宝树坐回椅中凝目瞪视回思二十七年前之事始终想不起此人<eos><bos>苗若兰道坐下说话仆人道小人站著说请问姑娘胡一刀大爷遗下孩子后来<eos><bos>苗若兰轻轻叹息道爹爹见胡伯伯胡伯母死心中十分难过望著两人尸身呆半天跪下拜八拜说道胡兄大嫂夫妇放心我必好好抚养令郎拜罢起身回头抱孩子竟抱空爹爹大惊急忙询问瞧著胡伯伯夫妇之死没留心孩子爹爹忙赶快追寻忍住腰间疼痛亲自客店查问忽听屋后孩子啼哭声音洪亮爹爹大喜急奔过去那知腰间中胡伯伯这一腿伤势轻猛一用力竟摔地下爬不起来<eos><bos>扶起身赶到屋后只见地下一滩鲜血孩子一顶小帽孩子不知去向<eos><bos>客店后面一条河水流急眼见血渍一直流河边显是孩子一刀杀死尸身投入河内登时水冲走爹爹惊怒召集一干人细细盘问始终查不到凶手<eos><bos>这件事无日耿耿於怀立誓找到杀害孩子一年我见磨剑说须杀一人杀凶手爹爹说或许孩子救活下来未可知爹爹但愿如此心中绝难相信可怜孩子真盼好好活著一次爹爹说孩儿我爱你胜於性命老天许我用掉换胡伯伯孩子死胡伯伯孩子活著<eos><bos>仆人眼圈一红声音哽咽道姑娘胡一刀大爷胡夫人地下有灵一定感激父女高义<eos><bos>于管家本来苗若兰带来男仆瞧神情听言语越来越觉不似正想出言相询听说起故事见众人静坐倾听不便打断头<eos><bos>听说道二十七年之前沧州小镇客店中灶烧火小斯那年冬天家中遭逢大祸爹爹三年前欠赵财主五两银子利上加利一年翻一翻过得三年已算成四十两赵财主爹爹抓逼迫立下文书妈卖做小老婆<eos><bos>我爹自然说什麽不肯当下财主狗腿子拷打死去活来我爹回得家妈商量四十两银子一年变成八十两笔债一辈子不起爹妈想图个自尽死算啦舍不得三个抱著痛哭白天客店里烧火晚上回家守著爹妈心中担惊受怕生怕他俩寻短见丢下一人孤零零世上<eos><bos>一晚店中来好多受伤客人灶下事忙店主不让回家第二日胡一刀大爷夫人生位少爷烧水烧汤店主更是不许回家牵记爹妈毛手毛脚撞烂几只碗店主巴掌一个躲灶边偷偷哭胡大爷走过厨房听见哭声进来问甚麽事我见生得凶恶不敢说话问哭厉害
青妹不好别生气那知脸,青妹不好别生气那知脸金纸呼吸低微适才一时之间喜悦转为担忧问道麽受胡说八道这套鬼话三岁孩儿瞒骗陶子安冷笑答话答话进大厅上百馀位英雄好汉停杯相顾侧耳倾听内堂动静动静说不定暗施偷袭岂天下英雄耻笑不及回救跃起连踢三脚终於强行忍住右僮真欲伤每道伤口浅浅的划破皮肉大碍田青文走近相助取出金创药止血包扎定一两个杰出子弟上代怨仇甚不好受篮到竟然有说有笑起来敢当眼见那珠钗微微颤动轻声道难道暗算害人几番相见始终未有一瞬离开山洞人迹罕至算无能今日犹在目前再也忍耐不住挂念随即跃起伸手握住他手早捏断数十颗铁珠忽然上下左右分打胡苗二人要害苦练十馀年绝技恃保身救命临敌之时未用过陡逢大敌事势紧迫立施杀手击毙害死师祖爷所用仇怨江湖人言籍籍祖父和田归农父亲从小苗爷大闹不久兵败这批珍宝明宫中皇室历年库藏不知下落瞪一眼走出门去<eos>,青妹不好别生气那知脸一沉发作道当真不好偏生不好死乾净更加摸不著头脑追问几句头一撇走<eos><bos>回房睡一会越想不安实在明白什麽地方得罪於悄悄起来走到房外窗上轻轻弹三弹往日相约会面总用三弹指记号那知这晚连弹几次房中竟是没半点动静<eos><bos>隔半晌轻弹三下没听到声息奇怪起来窗格子推窗子没闩住应手而开房中黑漆漆没瞧见什麽急於说话窗里跳进去<eos><bos>曹云奇听到满腔醋意胸口直冲上来再也不可抑制大声喝道半夜三更偷入闺房想干甚麽陶子安正欲反唇相稽苗若兰侍婢快嘴琴儿抢著道未婚夫妇管得著麽<eos><bos>陶子安琴儿微一点头谢相帮接著道走床边隐约见床前放著一对鞋子当下大著胆子揭开罗帐伸手一摸<eos><bos>曹云奇紫胀脸欲喝骂见琴儿怒视著话口头缩回去听陶子安续道触手处似乎一个包袱青妹床上更是奇怪摸一摸什麽包袱手上凉似乎婴儿一大跳仔细一摸婴儿什麽全身冰凉早已死去多时看来棉被压在孩子身上闷死<eos><bos>听呛啷一响苗若兰失手茶碗摔地下脸色苍白嘴唇微微发颤<eos><bos>陶子安道今日听著觉得可怕当日黑暗之中亲手摸更是惊骇无比险些儿出声房外脚步声响有人进来我忙往床底下一钻听走床边坐在床沿嘤嘤啜泣原来青妹死孩子抱手里不住亲低声道莫怪娘亲手害小命娘心里可比刀割痛活著娘活不成娘真狠心对不起<eos><bos>床听毛骨悚然这才明白原来不知狗贼私通生下孩儿竟下毒手孩儿害死抱著死婴哭一阵亲一阵终於站起身披上一件披风婴儿罩住走出房去我待走出房门床悄悄后面心里悲愤查出私通狗贼<eos><bos>只见走后园墙边一把短铲越墙而出一路远远掇著见走半里多路一处坟场短铲正要掘掩埋忽然数丈外传来铁器土石相击之声深夜之中竟然有人掘吃一惊急忙蹲下身子一阵弯著腰慢慢爬过去察看想必盗墓贼掘坟当下著过去只见坟旁一盏灯笼发著淡淡黄光照著一个黑影正在掘<eos><bos>凝目一瞧这人掘坟坟旁挖个土坑掩埋什麽心道这可奇难道埋私生但见那人掘一阵地下捧起一个长长的包裹一个婴儿尸身相似那人包裹放入坑中铲土盖土回过头来火光明白原来此人非别却是这位周云阳周师兄<eos><bos>周云阳脸上本来血色听陶子安说更是苍白<eos><bos>陶子安接著道当下我心疑云大起难道青妹私通竟是畜生麽掩埋一个死婴青妹一见身子伏得更低竟相会周师兄土踏实铲些青草铺上面草上推好多乱石教分辨出这才走开<eos><bos>周师兄一走远青妹忙掘一坑死婴埋下随即搬开周师兄所放乱石挖掘
